title,rating,year,actors,runtime,url
Zemlya,7.3,1930,Stepan Shkurat;Semyon Svashenko;Yuliya Solntseva;Yelena Maksimova,75,https://www.imdb.com/title/tt0021571/
Animal Crackers,7.5,1930,Groucho Marx;Harpo Marx;Chico Marx;The Marx Brothers,97,https://www.imdb.com/title/tt0020640/
Hell's Angels,7.3,1930,Ben Lyon;James Hall;Jean Harlow;John Darrow,127,https://www.imdb.com/title/tt0020960/
All Quiet on the Western Front,8.1,1930,Lew Ayres;Louis Wolheim;John Wray;Arnold Lucy,152,https://www.imdb.com/title/tt0020629/
Der blaue Engel,7.7,1930,Emil Jannings;Marlene Dietrich;Kurt Gerron;Rosa Valetti,104,https://www.imdb.com/title/tt0020697/
M - Eine Stadt sucht einen Mörder,8.3,1931,Peter Lorre;Ellen Widmann;Inge Landgut;Otto Wernicke,117,https://www.imdb.com/title/tt0022100/
City Lights,8.5,1931,Charles Chaplin;Virginia Cherrill;Florence Lee;Harry Myers,87,https://www.imdb.com/title/tt0021749/
Frankenstein,7.8,1931,Colin Clive;Mae Clarke;Boris Karloff;John Boles,70,https://www.imdb.com/title/tt0021884/
Dr. Jekyll and Mr. Hyde,7.6,1931,Fredric March;Miriam Hopkins;Rose Hobart;Holmes Herbert,98,https://www.imdb.com/title/tt0022835/
The Public Enemy,7.6,1931,James Cagney;Jean Harlow;Edward Woods;Joan Blondell,83,https://www.imdb.com/title/tt0022286/
Freaks,7.9,1932,Wallace Ford;Leila Hyams;Olga Baclanova;Roscoe Ates,64,https://www.imdb.com/title/tt0022913/
Trouble in Paradise (De firma Adam & Eva),8.0,1932,Miriam Hopkins;Kay Francis;Herbert Marshall;Charles Ruggles,83,https://www.imdb.com/title/tt0023622/
Otona no miru ehon - Umarete wa mita keredo,8.0,1932,Tatsuo Saitô;Tomio Aoki;Mitsuko Yoshikawa;Hideo Sugawara,100,https://www.imdb.com/title/tt0023634/
Ik ben een vluchteling,8.2,1932,Paul Muni;Glenda Farrell;Helen Vinson;Noel Francis,92,https://www.imdb.com/title/tt0023042/
Scarface,7.8,1932,Paul Muni;Ann Dvorak;Karen Morley;Osgood Perkins,93,https://www.imdb.com/title/tt0023427/
De onzichtbare man,7.7,1933,Claude Rains;Gloria Stuart;William Harrigan;Henry Travers,71,https://www.imdb.com/title/tt0024184/
King Kong,7.9,1933,Fay Wray;Robert Armstrong;Bruce Cabot;Frank Reicher,100,https://www.imdb.com/title/tt0024216/
Das Testament des Dr. Mabuse,8.0,1933,Rudolf Klein-Rogge;Otto Wernicke;Thomy Bourdelle;Gustav Diessl,122,https://www.imdb.com/title/tt0023563/
Gold Diggers of 1933,7.7,1933,Warren William;Joan Blondell;Aline MacMahon;Ruby Keeler,97,https://www.imdb.com/title/tt0024069/
De dictator,7.8,1933,Groucho Marx;Harpo Marx;Chico Marx;Zeppo Marx,69,https://www.imdb.com/title/tt0023969/
L'Atalante,7.8,1934,Dita Parlo;Jean Dasté;Gilles Margaritis;Louis Lefebvre,89,https://www.imdb.com/title/tt0024844/
Tsarina van Rusland,7.6,1934,Marlene Dietrich;John Lodge;Sam Jaffe;Louise Dresser,104,https://www.imdb.com/title/tt0025746/
Het gebeurde op 'n avond,8.1,1934,Clark Gable;Claudette Colbert;Walter Connolly;Roscoe Karns,105,https://www.imdb.com/title/tt0025316/
The Gay Divorcee,7.5,1934,Fred Astaire;Ginger Rogers;Alice Brady;Edward Everett Horton,107,https://www.imdb.com/title/tt0025164/
The Thin Man,8.0,1934,William Powell;Myrna Loy;Maureen O'Sullivan;Nat Pendleton,91,https://www.imdb.com/title/tt0025878/
Bride of Frankenstein,7.8,1935,Boris Karloff;Elsa Lanchester;Colin Clive;Valerie Hobson,75,https://www.imdb.com/title/tt0026138/
Kapitein Blood,7.7,1935,Errol Flynn;Olivia de Havilland;Lionel Atwill;Basil Rathbone,119,https://www.imdb.com/title/tt0026174/
A Tale of Two Cities,7.8,1935,Ronald Colman;Elizabeth Allan;Edna May Oliver;Reginald Owen,128,https://www.imdb.com/title/tt0027075/
A Night at the Opera,7.9,1935,Groucho Marx;Chico Marx;Harpo Marx;Kitty Carlisle,96,https://www.imdb.com/title/tt0026778/
Top Hat,7.8,1935,Fred Astaire;Ginger Rogers;Edward Everett Horton;Erik Rhodes,101,https://www.imdb.com/title/tt0027125/
Dodsworth,7.8,1936,Walter Huston;Ruth Chatterton;Paul Lukas;Mary Astor,101,https://www.imdb.com/title/tt0027532/
Mr. Deeds Goes to Town,7.9,1936,Gary Cooper;Jean Arthur;George Bancroft;Lionel Stander,115,https://www.imdb.com/title/tt0027996/
My Man Godfrey,8.0,1936,William Powell;Carole Lombard;Alice Brady;Gail Patrick,94,https://www.imdb.com/title/tt0028010/
Modern Times,8.5,1936,Charles Chaplin;Paulette Goddard;Henry Bergman;Tiny Sandford,87,https://www.imdb.com/title/tt0027977/
Fury,7.9,1936,Sylvia Sidney;Spencer Tracy;Walter Abel;Bruce Cabot,92,https://www.imdb.com/title/tt0027652/
Pépé le Moko,7.8,1937,Jean Gabin;Gabriel Gabrio;Saturnin Fabre;Fernand Charpin,94,https://www.imdb.com/title/tt0029453/
Stage Door,7.8,1937,Katharine Hepburn;Ginger Rogers;Adolphe Menjou;Gail Patrick,92,https://www.imdb.com/title/tt0029604/
Make Way for Tomorrow,8.2,1937,Victor Moore;Beulah Bondi;Fay Bainter;Thomas Mitchell,91,https://www.imdb.com/title/tt0029192/
La Grande Illusion,8.1,1937,Jean Gabin;Dita Parlo;Pierre Fresnay;Erich von Stroheim,113,https://www.imdb.com/title/tt0028950/
De stormduivels,8.0,1937,Spencer Tracy;Freddie Bartholomew;Lionel Barrymore;Melvyn Douglas,117,https://www.imdb.com/title/tt0028691/
You Can't Take It with You,7.9,1938,Jean Arthur;James Stewart;Lionel Barrymore;Edward Arnold,126,https://www.imdb.com/title/tt0030993/
Engelen met smerige gezichten,7.9,1938,James Cagney;Pat O'Brien;Humphrey Bogart;Ann Sheridan,97,https://www.imdb.com/title/tt0029870/
Bringing Up Baby,7.9,1938,Katharine Hepburn;Cary Grant;Charles Ruggles;Walter Catlett,102,https://www.imdb.com/title/tt0029947/
The Lady Vanishes,7.8,1938,Margaret Lockwood;Michael Redgrave;Paul Lukas;May Whitty,96,https://www.imdb.com/title/tt0030341/
The Adventures of Robin Hood,7.9,1938,Errol Flynn;Olivia de Havilland;Basil Rathbone;Claude Rains,102,https://www.imdb.com/title/tt0029843/
La règle du jeu,8.0,1939,Marcel Dalio;Nora Gregor;Paulette Dubost;Mila Parély,110,https://www.imdb.com/title/tt0031885/
The Wizard of Oz,8.0,1939,Judy Garland;Frank Morgan;Ray Bolger;Bert Lahr,102,https://www.imdb.com/title/tt0032138/
Of Mice and Men,7.9,1939,Lon Chaney Jr.;Burgess Meredith;Betty Field;Charles Bickford,106,https://www.imdb.com/title/tt0031742/
Gejaagd door de wind,8.1,1939,Clark Gable;Vivien Leigh;Thomas Mitchell;Barbara O'Neil,238,https://www.imdb.com/title/tt0031381/
Mr. Smith Goes to Washington,8.1,1939,James Stewart;Jean Arthur;Claude Rains;Edward Arnold,129,https://www.imdb.com/title/tt0031679/
Rebecca,8.1,1940,Laurence Olivier;Joan Fontaine;George Sanders;Judith Anderson,130,https://www.imdb.com/title/tt0032976/
De dictator,8.4,1940,Charles Chaplin;Paulette Goddard;Jack Oakie;Reginald Gardiner,125,https://www.imdb.com/title/tt0032553/
The Grapes of Wrath,8.1,1940,Henry Fonda;Jane Darwell;John Carradine;Charley Grapewin,129,https://www.imdb.com/title/tt0032551/
The Shop Around the Corner,8.1,1940,Margaret Sullavan;James Stewart;Frank Morgan;Joseph Schildkraut,99,https://www.imdb.com/title/tt0033045/
His Girl Friday,7.9,1940,Cary Grant;Rosalind Russell;Ralph Bellamy;Gene Lockhart,92,https://www.imdb.com/title/tt0032599/
Sullivan's Travels,7.9,1941,Joel McCrea;Veronica Lake;Robert Warwick;William Demarest,90,https://www.imdb.com/title/tt0034240/
Citizen Kane,8.3,1941,Orson Welles;Joseph Cotten;Dorothy Comingore;Agnes Moorehead,119,https://www.imdb.com/title/tt0033467/
The Maltese Falcon,8.0,1941,Humphrey Bogart;Mary Astor;Gladys George;Peter Lorre,100,https://www.imdb.com/title/tt0033870/
The Little Foxes,8.0,1941,Bette Davis;Herbert Marshall;Teresa Wright;Richard Carlson,116,https://www.imdb.com/title/tt0033836/
Acht professoren en een meisje,7.8,1941,Gary Cooper;Barbara Stanwyck;Oskar Homolka;Henry Travers,111,https://www.imdb.com/title/tt0033373/
The Ox-Bow Incident,8.0,1942,Henry Fonda;Dana Andrews;Mary Beth Hughes;Anthony Quinn,75,https://www.imdb.com/title/tt0036244/
Gevangenen van 't verleden,8.0,1942,Ronald Colman;Greer Garson;Philip Dorn;Susan Peters,126,https://www.imdb.com/title/tt0035238/
Casablanca,8.5,1942,Humphrey Bogart;Ingrid Bergman;Paul Henreid;Claude Rains,102,https://www.imdb.com/title/tt0034583/
Spionnage in het spel,8.2,1942,Carole Lombard;Jack Benny;Robert Stack;Felix Bressart,99,https://www.imdb.com/title/tt0035446/
"Now, Voyager",7.9,1942,Bette Davis;Paul Henreid;Claude Rains;Gladys Cooper,117,https://www.imdb.com/title/tt0035140/
Le corbeau,7.9,1943,Pierre Fresnay;Ginette Leclerc;Micheline Francey;Héléna Manson,92,https://www.imdb.com/title/tt0035753/
De dag des oordeels,8.1,1943,Thorkild Roose;Lisbeth Movin;Sigrid Neiiendam;Kirsten Andreasen,97,https://www.imdb.com/title/tt0036506/
Shadow of a Doubt,7.8,1943,Teresa Wright;Joseph Cotten;Macdonald Carey;Henry Travers,108,https://www.imdb.com/title/tt0036342/
Arsenicum en oude kant,8.0,1943,Cary Grant;Priscilla Lane;Raymond Massey;Jack Carson,118,https://www.imdb.com/title/tt0036613/
The Life and Death of Colonel Blimp,8.1,1943,Roger Livesey;Deborah Kerr;Anton Walbrook;James McKechnie,163,https://www.imdb.com/title/tt0036112/
De belhamel,7.8,1944,Heinz Rühmann;Karin Himboldt;Hilde Sessak;Erich Ponto,97,https://www.imdb.com/title/tt0036818/
Ivan Groznyy,7.8,1944,Nikolay Cherkasov;Lyudmila Tselikovskaya;Serafima Birman;Mikhail Nazvanov,103,https://www.imdb.com/title/tt0037824/
Avontuur op Martinique,7.8,1944,Humphrey Bogart;Lauren Bacall;Walter Brennan;Dolores Moran,100,https://www.imdb.com/title/tt0037382/
Laura,8.0,1944,Gene Tierney;Dana Andrews;Clifton Webb;Vincent Price,88,https://www.imdb.com/title/tt0037008/
Double Indemnity,8.3,1944,Fred MacMurray;Barbara Stanwyck;Edward G. Robinson;Byron Barr,107,https://www.imdb.com/title/tt0036775/
Roma città aperta,8.1,1945,Anna Magnani;Aldo Fabrizi;Marcello Pagliero;Vito Annichiarico,103,https://www.imdb.com/title/tt0038890/
A Tree Grows in Brooklyn,8.0,1945,Dorothy McGuire;Joan Blondell;James Dunn;Lloyd Nolan,129,https://www.imdb.com/title/tt0038190/
Les enfants du paradis,8.4,1945,Arletty;Jean-Louis Barrault;Pierre Brasseur;Pierre Renoir,189,https://www.imdb.com/title/tt0037674/
Mildred Pierce,8.0,1945,Joan Crawford;Jack Carson;Zachary Scott;Eve Arden,111,https://www.imdb.com/title/tt0037913/
Brief Encounter,8.0,1945,Celia Johnson;Trevor Howard;Stanley Holloway;Joyce Carey,86,https://www.imdb.com/title/tt0037558/
Een Zaak van Leven en Dood,8.1,1946,David Niven;Kim Hunter;Robert Coote;Kathleen Byron,104,https://www.imdb.com/title/tt0038733/
It's a Wonderful Life,8.6,1946,James Stewart;Donna Reed;Lionel Barrymore;Thomas Mitchell,130,https://www.imdb.com/title/tt0038650/
De schoenpoetsertjes,8.0,1946,Rinaldo Smordoni;Franco Interlenghi;Annielo Mele;Bruno Ortensi,87,https://www.imdb.com/title/tt0038913/
Notorious,8.0,1946,Cary Grant;Ingrid Bergman;Claude Rains;Louis Calhern,102,https://www.imdb.com/title/tt0038787/
De beste jaren van ons leven,8.1,1946,Myrna Loy;Dana Andrews;Fredric March;Teresa Wright,170,https://www.imdb.com/title/tt0036868/
Mrs. Muir ziet spoken,7.9,1947,Gene Tierney;Rex Harrison;George Sanders;Edna Best,104,https://www.imdb.com/title/tt0039420/
Quai des Orfèvres,7.8,1947,Louis Jouvet;Simone Renant;Bernard Blier;Suzy Delair,106,https://www.imdb.com/title/tt0039739/
Gangsters vergeten niet,8.0,1947,Robert Mitchum;Jane Greer;Kirk Douglas;Rhonda Fleming,97,https://www.imdb.com/title/tt0039689/
Miracle on 34th Street,7.9,1947,Edmund Gwenn;Maureen O'Hara;John Payne;Gene Lockhart,96,https://www.imdb.com/title/tt0039628/
Monsieur Verdoux,7.9,1947,Charles Chaplin;Mady Correll;Allison Roddan;Robert Lewis,124,https://www.imdb.com/title/tt0039631/
Brief van een onbekende vrouw,8.0,1948,Joan Fontaine;Louis Jourdan;Mady Christians;Marcel Journet,87,https://www.imdb.com/title/tt0040536/
The Treasure of the Sierra Madre,8.2,1948,Humphrey Bogart;Walter Huston;Tim Holt;Bruce Bennett,126,https://www.imdb.com/title/tt0040897/
The Red Shoes,8.1,1948,Anton Walbrook;Marius Goring;Moira Shearer;Robert Helpmann,135,https://www.imdb.com/title/tt0040725/
Rope,8.0,1948,James Stewart;John Dall;Farley Granger;Dick Hogan,80,https://www.imdb.com/title/tt0040746/
Ladri di biciclette,8.3,1948,Lamberto Maggiorani;Enzo Staiola;Lianella Carell;Elena Altieri,89,https://www.imdb.com/title/tt0040522/
The Third Man,8.1,1949,Orson Welles;Joseph Cotten;Alida Valli;Trevor Howard,104,https://www.imdb.com/title/tt0041959/
Kind Hearts and Coronets,8.0,1949,Dennis Price;Alec Guinness;Valerie Hobson;Joan Greenwood,106,https://www.imdb.com/title/tt0041546/
White Heat,8.1,1949,James Cagney;Virginia Mayo;Edmond O'Brien;Margaret Wycherly,114,https://www.imdb.com/title/tt0042041/
Banshun,8.3,1949,Chishû Ryû;Setsuko Hara;Yumeji Tsukioka;Haruko Sugimura,108,https://www.imdb.com/title/tt0041154/
De erfgename,8.2,1949,Olivia de Havilland;Montgomery Clift;Ralph Richardson;Miriam Hopkins,115,https://www.imdb.com/title/tt0041452/
Rashômon,8.2,1950,Toshirô Mifune;Machiko Kyô;Masayuki Mori;Takashi Shimura,88,https://www.imdb.com/title/tt0042876/
Vreemde ontmoeting,8.0,1950,Humphrey Bogart;Gloria Grahame;Frank Lovejoy;Carl Benton Reid,94,https://www.imdb.com/title/tt0042593/
Los olvidados,8.3,1950,Alfonso Mejía;Roberto Cobo;Estela Inda;Miguel Inclán,85,https://www.imdb.com/title/tt0042804/
All About Eve,8.2,1950,Bette Davis;Anne Baxter;George Sanders;Celeste Holm,138,https://www.imdb.com/title/tt0042192/
Sunset Boulevard,8.4,1950,William Holden;Gloria Swanson;Erich von Stroheim;Nancy Olson,110,https://www.imdb.com/title/tt0043014/
Scrooge,8.1,1951,Alastair Sim;Jack Warner;Kathleen Harrison;Mervyn Johns,86,https://www.imdb.com/title/tt0044008/
Het grote carnaval,8.1,1951,Kirk Douglas;Jan Sterling;Robert Arthur;Porter Hall,111,https://www.imdb.com/title/tt0043338/
De maniak,8.0,1951,Farley Granger;Robert Walker;Ruth Roman;Leo G. Carroll,101,https://www.imdb.com/title/tt0044079/
Early Summer,8.2,1951,Setsuko Hara;Chishû Ryû;Chikage Awashima;Kuniko Miyake,125,https://www.imdb.com/title/tt0043313/
A Streetcar Named Desire,8.0,1951,Vivien Leigh;Marlon Brando;Kim Hunter;Karl Malden,122,https://www.imdb.com/title/tt0044081/
Singin' in the Rain,8.3,1952,Gene Kelly;Donald O'Connor;Debbie Reynolds;Jean Hagen,103,https://www.imdb.com/title/tt0045152/
Ikiru,8.3,1952,Takashi Shimura;Nobuo Kaneko;Shin'ichi Himori;Haruo Tanaka,143,https://www.imdb.com/title/tt0044741/
Umberto D.,8.2,1952,Carlo Battisti;Maria Pia Casilio;Lina Gennari;Ileana Simova,89,https://www.imdb.com/title/tt0045274/
Jeux interdits,8.1,1952,Georges Poujouly;Brigitte Fossey;Amédée;Laurence Badie,86,https://www.imdb.com/title/tt0043686/
Saikaku ichidai onna,8.1,1952,Kinuyo Tanaka;Tsukie Matsuura;Ichirô Sugai;Toshirô Mifune,148,https://www.imdb.com/title/tt0045112/
Roman Holiday,8.0,1953,Gregory Peck;Audrey Hepburn;Eddie Albert;Hartley Power,118,https://www.imdb.com/title/tt0046250/
Stalag 17,8.0,1953,William Holden;Don Taylor;Otto Preminger;Robert Strauss,120,https://www.imdb.com/title/tt0046359/
Het loon van de Angst,8.1,1953,Yves Montand;Charles Vanel;Peter van Eyck;Folco Lulli,131,https://www.imdb.com/title/tt0046268/
Ugetsu monogatari,8.2,1953,Masayuki Mori;Machiko Kyô;Kinuyo Tanaka;Mitsuko Mito,96,https://www.imdb.com/title/tt0046478/
Tôkyô monogatari,8.2,1953,Chishû Ryû;Chieko Higashiyama;Sô Yamamura;Setsuko Hara,136,https://www.imdb.com/title/tt0046438/
Rear Window,8.5,1954,James Stewart;Grace Kelly;Wendell Corey;Thelma Ritter,112,https://www.imdb.com/title/tt0047396/
Dial M for Murder,8.2,1954,Ray Milland;Grace Kelly;Robert Cummings;John Williams,105,https://www.imdb.com/title/tt0046912/
Shichinin no samurai,8.6,1954,Toshirô Mifune;Takashi Shimura;Keiko Tsushima;Yukiko Shimazaki,207,https://www.imdb.com/title/tt0047478/
Sanshô dayû,8.4,1954,Kinuyo Tanaka;Yoshiaki Hanayagi;Kyôko Kagawa;Eitarô Shindô,124,https://www.imdb.com/title/tt0047445/
On the Waterfront,8.1,1954,Marlon Brando;Karl Malden;Lee J. Cobb;Rod Steiger,108,https://www.imdb.com/title/tt0047296/
Pather Panchali,8.4,1955,Kanu Bannerjee;Karuna Bannerjee;Subir Banerjee;Chunibala Devi,125,https://www.imdb.com/title/tt0048473/
Ordet,8.3,1955,Henrik Malberg;Emil Hass Christensen;Preben Lerdorff Rye;Hanne Aagesen,126,https://www.imdb.com/title/tt0048452/
Demonen,8.1,1955,Simone Signoret;Véra Clouzot;Paul Meurisse;Charles Vanel,117,https://www.imdb.com/title/tt0046911/
Tuntematon sotilas,8.0,1955,Kosti Klemelä;Heikki Savolainen;Reino Tolvanen;Veikko Sinisalo,177,https://www.imdb.com/title/tt0048752/
Du rififi chez les hommes,8.1,1955,Jean Servais;Carl Möhner;Robert Manuel;Janine Darcey,118,https://www.imdb.com/title/tt0048021/
The Searchers,7.9,1956,John Wayne;Jeffrey Hunter;Vera Miles;Ward Bond,119,https://www.imdb.com/title/tt0049730/
The Killing,8.0,1956,Sterling Hayden;Coleen Gray;Vince Edwards;Jay C. Flippen,84,https://www.imdb.com/title/tt0049406/
Aparajito,8.3,1956,Pinaki Sengupta;Smaran Ghosal;Kamala Adhikari;Lalchand Banerjee,110,https://www.imdb.com/title/tt0048956/
Un condamné à mort s'est échappé ou Le vent souffle où il veut,8.3,1956,François Leterrier;Charles Le Clainche;Maurice Beerblock;Roland Monod,101,https://www.imdb.com/title/tt0049902/
Biruma no tategoto,8.1,1956,Rentarô Mikuni;Shôji Yasui;Tatsuya Mihashi;Jun Hamamura,116,https://www.imdb.com/title/tt0049012/
De 12 gezworenen,9.0,1957,Henry Fonda;Lee J. Cobb;Martin Balsam;John Fiedler,96,https://www.imdb.com/title/tt0050083/
Letyat zhuravli,8.3,1957,Tatyana Samoylova;Aleksey Batalov;Vasiliy Merkurev;Aleksandr Shvorin,95,https://www.imdb.com/title/tt0050634/
Witness for the Prosecution,8.4,1957,Tyrone Power;Marlene Dietrich;Charles Laughton;Elsa Lanchester,116,https://www.imdb.com/title/tt0051201/
Het veld van eer,8.4,1957,Kirk Douglas;Ralph Meeker;Adolphe Menjou;George Macready,88,https://www.imdb.com/title/tt0050825/
Pyaasa,8.5,1957,Guru Dutt;Waheeda Rehman;Mala Sinha;Rehman Khan,146,https://www.imdb.com/title/tt0050870/
Vertigo,8.3,1958,James Stewart;Kim Novak;Barbara Bel Geddes;Tom Helmore,128,https://www.imdb.com/title/tt0052357/
I soliti ignoti,8.0,1958,Vittorio Gassman;Marcello Mastroianni;Renato Salvatori;Totò,106,https://www.imdb.com/title/tt0052216/
Touch of Evil,8.0,1958,Charlton Heston;Orson Welles;Janet Leigh;Joseph Calleia,95,https://www.imdb.com/title/tt0052311/
Kakushi-toride no san-akunin,8.1,1958,Toshirô Mifune;Misa Uehara;Minoru Chiaki;Kamatari Fujiwara,139,https://www.imdb.com/title/tt0051808/
De lift naar het schavot,8.0,1958,Jeanne Moreau;Maurice Ronet;Georges Poujouly;Yori Bertin,91,https://www.imdb.com/title/tt0051378/
Ningen no jôken,8.5,1959,Tatsuya Nakadai;Michiyo Aratama;Kokinji Katsura;Jun Tatara,181,https://www.imdb.com/title/tt0053115/
North by Northwest,8.3,1959,Cary Grant;Eva Marie Saint;James Mason;Jessie Royce Landis,136,https://www.imdb.com/title/tt0053125/
Ballada o soldate,8.2,1959,Vladimir Ivashov;Zhanna Prokhorenko;Antonina Maksimova;Nikolay Kryuchkov,88,https://www.imdb.com/title/tt0052600/
Ningen no jôken,8.6,1959,Tatsuya Nakadai;Michiyo Aratama;Chikage Awashima;Ineko Arima,208,https://www.imdb.com/title/tt0053114/
Apur Sansar,8.5,1959,Soumitra Chatterjee;Sharmila Tagore;Alok Chakravarty;Swapan Mukherjee,105,https://www.imdb.com/title/tt0052572/
Rocco e i suoi fratelli,8.3,1960,Alain Delon;Renato Salvatori;Annie Girardot;Claudia Cardinale,179,https://www.imdb.com/title/tt0054248/
Het appartement,8.3,1960,Jack Lemmon;Shirley MacLaine;Fred MacMurray;Ray Walston,125,https://www.imdb.com/title/tt0053604/
Le trou,8.5,1960,André Bervil;Jean Keraudy;Michel Constantin;Philippe Leroy,131,https://www.imdb.com/title/tt0054407/
Mughal-E-Azam,8.2,1960,Prithviraj Kapoor;Madhubala;Dilip Kumar;Durga Khote,197,https://www.imdb.com/title/tt0054098/
Psycho,8.5,1960,Anthony Perkins;Janet Leigh;Vera Miles;John Gavin,109,https://www.imdb.com/title/tt0054215/
The Hustler,8.0,1961,Paul Newman;Jackie Gleason;Piper Laurie;George C. Scott,134,https://www.imdb.com/title/tt0054997/
Ningen no jôken,8.8,1961,Tatsuya Nakadai;Michiyo Aratama;Tamao Nakamura;Yûsuke Kawazu,190,https://www.imdb.com/title/tt0055233/
Viridiana,8.1,1961,Silvia Pinal;Francisco Rabal;Fernando Rey;José Calvo,90,https://www.imdb.com/title/tt0055601/
Oordeel te Neurenberg,8.2,1961,Spencer Tracy;Burt Lancaster;Richard Widmark;Marlene Dietrich,179,https://www.imdb.com/title/tt0055031/
Yôjinbô,8.2,1961,Toshirô Mifune;Eijirô Tôno;Tatsuya Nakadai;Yôko Tsukasa,110,https://www.imdb.com/title/tt0055630/
Il sorpasso,8.3,1962,Vittorio Gassman;Jean-Louis Trintignant;Catherine Spaak;Claudio Gora,105,https://www.imdb.com/title/tt0056512/
Wat is er toch van Baby Jane terechtgekomen?,8.1,1962,Bette Davis;Joan Crawford;Victor Buono;Wesley Addy,134,https://www.imdb.com/title/tt0056687/
Lawrence of Arabia,8.3,1962,Peter O'Toole;Alec Guinness;Anthony Quinn;Jack Hawkins,228,https://www.imdb.com/title/tt0056172/
To Kill a Mockingbird,8.3,1962,Gregory Peck;John Megna;Frank Overton;Rosemary Murphy,129,https://www.imdb.com/title/tt0056592/
Seppuku,8.6,1962,Tatsuya Nakadai;Akira Ishihama;Shima Iwashita;Tetsurô Tanba,133,https://www.imdb.com/title/tt0056058/
El verdugo,8.0,1963,Nino Manfredi;Emma Penella;José Isbert;José Luis López Vázquez,87,https://www.imdb.com/title/tt0057643/
The Great Escape,8.2,1963,Steve McQueen;James Garner;Richard Attenborough;Charles Bronson,172,https://www.imdb.com/title/tt0057115/
Nattvardsgästerna,8.1,1963,Ingrid Thulin;Gunnar Björnstrand;Gunnel Lindblom;Max von Sydow,81,https://www.imdb.com/title/tt0057358/
Tengoku to jigoku,8.4,1963,Toshirô Mifune;Yutaka Sada;Tatsuya Nakadai;Kyôko Kagawa,143,https://www.imdb.com/title/tt0057565/
Le feu follet,8.0,1963,Maurice Ronet;Léna Skerla;Yvonne Clech;Hubert Deschamps,108,https://www.imdb.com/title/tt0057058/
De vrouw in het zand,8.5,1964,Eiji Okada;Kyôko Kishida;Hiroko Itô;Kôji Mitsui,147,https://www.imdb.com/title/tt0058625/
Dr. Strangelove or: How I Learned to Stop Worrying and Love the Bomb,8.4,1964,Peter Sellers;George C. Scott;Sterling Hayden;Keenan Wynn,95,https://www.imdb.com/title/tt0057012/
Soy Cuba,8.2,1964,Sergio Corrieri;Salvador Wood;José Gallardo;Raúl García,141,https://www.imdb.com/title/tt0058604/
A Fistfull of Dollars,8.0,1964,Clint Eastwood;Gian Maria Volontè;Marianne Koch;Wolfgang Lukschy,99,https://www.imdb.com/title/tt0058461/
Charulata,8.2,1964,Soumitra Chatterjee;Madhabi Mukherjee;Shailen Mukherjee;Shyamal Ghoshal,117,https://www.imdb.com/title/tt0057935/
Het winkeltje aan 't Corso,8.3,1965,Ida Kaminska;Jozef Kroner;Frantisek Zvarík;Hana Slivková,128,https://www.imdb.com/title/tt0059527/
Oorlog en Vrede,8.3,1965,Lyudmila Saveleva;Vyacheslav Tikhonov;Sergey Bondarchuk;Boris Zakhava,422,https://www.imdb.com/title/tt0063794/
Akahige,8.4,1965,Toshirô Mifune;Yûzô Kayama;Tsutomu Yamazaki;Reiko Dan,185,https://www.imdb.com/title/tt0058888/
Operatsiya 'Y' i drugie priklyucheniya Shurika,8.5,1965,Aleksandr Demyanenko;Mikhail Pugovkin;Aleksei Smirnov;Vladimir Basov,95,https://www.imdb.com/title/tt0059550/
Guide,8.4,1965,Dev Anand;Waheeda Rehman;Leela Chitnis;Anwar Hussain,183,https://www.imdb.com/title/tt0059246/
Persona,8.1,1966,Bibi Andersson;Liv Ullmann;Margaretha Krook;Gunnar Björnstrand,85,https://www.imdb.com/title/tt0060827/
Andrei Rublev,8.1,1966,Anatoliy Solonitsyn;Ivan Lapikov;Nikolay Grinko;Nikolay Sergeev,205,https://www.imdb.com/title/tt0060107/
Beregis avtomobilya,8.1,1966,Innokentiy Smoktunovskiy;Oleg Efremov;Lyubov Dobrzhanskaya;Olga Aroseva,94,https://www.imdb.com/title/tt0060161/
"The Good, the Bad and the Ugly",8.8,1966,Clint Eastwood;Eli Wallach;Lee Van Cleef;Aldo Giuffrè,161,https://www.imdb.com/title/tt0060196/
De slag om Algiers,8.1,1966,Brahim Hadjadj;Jean Martin;Yacef Saadi;Samia Kerbash,121,https://www.imdb.com/title/tt0058946/
Jôi-uchi: Hairyô tsuma shimatsu,8.4,1967,Toshirô Mifune;Yôko Tsukasa;Gô Katô;Tatsuyoshi Ehara,128,https://www.imdb.com/title/tt0061847/
"Kavkazskaya plennitsa, ili Novye priklyucheniya Shurika",8.4,1967,Aleksandr Demyanenko;Natalya Varley;Vladimir Etush;Frunzik Mkrtchyan,82,https://www.imdb.com/title/tt0060584/
The Graduate,8.0,1967,Dustin Hoffman;Anne Bancroft;Katharine Ross;William Daniels,106,https://www.imdb.com/title/tt0061722/
Le samouraï,8.1,1967,Alain Delon;François Périer;Nathalie Delon;Cathy Rosier,105,https://www.imdb.com/title/tt0062229/
Cool Hand Luke,8.1,1967,Paul Newman;George Kennedy;Strother Martin;J.D. Cannon,127,https://www.imdb.com/title/tt0061512/
Padosan,8.1,1968,Sunil Dutt;Saira Banu;Mehmood;Kishore Kumar,157,https://www.imdb.com/title/tt0063404/
Rosemary's Baby,8.0,1968,Mia Farrow;John Cassavetes;Ruth Gordon;Sidney Blackmer,137,https://www.imdb.com/title/tt0063522/
Apenplaneet,8.0,1968,Charlton Heston;Roddy McDowall;Kim Hunter;Maurice Evans,112,https://www.imdb.com/title/tt0063442/
2001: Een zwerftocht in de ruimte,8.3,1968,Keir Dullea;Gary Lockwood;William Sylvester;Daniel Richter,149,https://www.imdb.com/title/tt0062622/
Once Upon a Time in the West,8.5,1968,Henry Fonda;Charles Bronson;Claudia Cardinale;Jason Robards,165,https://www.imdb.com/title/tt0064116/
Spalovac mrtvol,8.0,1969,Rudolf Hrusínský;Vlasta Chramostová;Jana Stehnová;Milos Vognic,102,https://www.imdb.com/title/tt0063633/
A tanú,8.7,1969,Ferenc Kállai;Lajos Öze;Béla Both;Zoltán Fábri,105,https://www.imdb.com/title/tt0065067/
Brilliantovaya ruka,8.4,1969,Yuriy Nikulin;Nina Grebeshkova;Andrey Mironov;Anatoliy Papanov,94,https://www.imdb.com/title/tt0062759/
Z,8.2,1969,Yves Montand;Irene Papas;Jean-Louis Trintignant;François Périer,127,https://www.imdb.com/title/tt0065234/
The Army of Shadows,8.2,1969,Lino Ventura;Paul Meurisse;Jean-Pierre Cassel;Simone Signoret,145,https://www.imdb.com/title/tt0064040/
Beloe solntse pustyni,7.8,1970,Anatoliy Kuznetsov;Pavel Luspekayev;Spartak Mishulin;Kakhi Kavsadze,84,https://www.imdb.com/title/tt0066565/
De dader staat boven verdenking,8.1,1970,Gian Maria Volontè;Florinda Bolkan;Gianni Santuccio;Orazio Orlando,115,https://www.imdb.com/title/tt0065889/
De Rode Cirkel,8.0,1970,Alain Delon;Bourvil;Gian Maria Volontè;Yves Montand,140,https://www.imdb.com/title/tt0065531/
Patton,7.9,1970,George C. Scott;Karl Malden;Stephen Young;Michael Strong,172,https://www.imdb.com/title/tt0066206/
Il conformista,8.0,1970,Jean-Louis Trintignant;Stefania Sandrelli;Gastone Moschin;Enzo Tarascio,113,https://www.imdb.com/title/tt0065571/
A Clockwork Orange,8.3,1971,Malcolm McDowell;Patrick Magee;Michael Bates;Warren Clarke,136,https://www.imdb.com/title/tt0066921/
Dzhentlmeny udachi,8.4,1971,Evgeniy Leonov;Georgiy Vitsin;Saveliy Kramarov;Radner Muratov,88,https://www.imdb.com/title/tt0068519/
Anand,8.2,1971,Rajesh Khanna;Amitabh Bachchan;Sumita Sanyal;Ramesh Deo,122,https://www.imdb.com/title/tt0066763/
De Laatste Kruistocht,8.4,1971,Amza Pellea;Ion Besoiu;Olga Tudorache;Irina Gardescu,203,https://www.imdb.com/title/tt0066078/
12 stulev,8.3,1971,Archil Gomiashvili;Sergey Filippov;Mikhail Pugovkin;Glikeriya Bogdanova-Chesnokova,153,https://www.imdb.com/title/tt0065670/
Kozure Ôkami: Sanzu no kawa no ubaguruma,8.0,1972,Tomisaburô Wakayama;Kayo Matsuo;Minoru Ôki;Akiji Kobayashi,82,https://www.imdb.com/title/tt0068816/
Sleuth,8.0,1972,Laurence Olivier;Michael Caine;Alec Cawthorne;John Matthews,138,https://www.imdb.com/title/tt0069281/
Solaris,8.0,1972,Natalya Bondarchuk;Donatas Banionis;Jüri Järvet;Vladislav Dvorzhetskiy,167,https://www.imdb.com/title/tt0069293/
The Godfather,9.2,1972,Marlon Brando;Al Pacino;James Caan;Diane Keaton,175,https://www.imdb.com/title/tt0068646/
Schreeuw zonder antwoord,8.1,1972,Harriet Andersson;Liv Ullmann;Kari Sylwan;Ingrid Thulin,91,https://www.imdb.com/title/tt0069467/
Paper Moon,8.1,1973,Ryan O'Neal;Tatum O'Neal;Madeline Kahn;John Hillerman,102,https://www.imdb.com/title/tt0070510/
The Sting,8.3,1973,Paul Newman;Robert Redford;Robert Shaw;Charles Durning,129,https://www.imdb.com/title/tt0070735/
The Exorcist,8.0,1973,Ellen Burstyn;Max von Sydow;Linda Blair;Lee J. Cobb,122,https://www.imdb.com/title/tt0070047/
Canim Kardesim,8.7,1973,Tarik Akan;Kahraman Kiral;Halit Akçatepe;Metin Akpinar,92,https://www.imdb.com/title/tt0267351/
Ivan Vasilevich menyaet professiyu,8.3,1973,Yuriy Yakovlev;Leonid Kuravlyov;Aleksandr Demyanenko;Saveliy Kramarov,88,https://www.imdb.com/title/tt0070233/
Chinatown,8.2,1974,Jack Nicholson;Faye Dunaway;John Huston;Perry Lopez,130,https://www.imdb.com/title/tt0071315/
The Godfather: Part II,9.0,1974,Al Pacino;Robert De Niro;Robert Duvall;Diane Keaton,202,https://www.imdb.com/title/tt0071562/
Köyden Indim Sehire,8.3,1974,Kemal Sunal;Meral Zeren;Zeki Alasya;Metin Akpinar,77,https://www.imdb.com/title/tt0252619/
Scener ur ett äktenskap,8.4,1974,Liv Ullmann;Erland Josephson;Bibi Andersson;Gunnel Lindblom,169,https://www.imdb.com/title/tt6725014/
A Woman Under the Influence,8.2,1974,Gena Rowlands;Peter Falk;Fred Draper;Lady Rowlands,155,https://www.imdb.com/title/tt0072417/
One Flew Over the Cuckoo's Nest,8.7,1975,Jack Nicholson;Louise Fletcher;Michael Berryman;Peter Brocco,133,https://www.imdb.com/title/tt0073486/
Hababam Sinifi,9.3,1975,Kemal Sunal;Münir Özkul;Halit Akçatepe;Tarik Akan,87,https://www.imdb.com/title/tt0252487/
Dersu Uzala,8.3,1975,Maksim Munzuk;Yuriy Solomin;Mikhail Bychkov;Vladimir Khrulyov,142,https://www.imdb.com/title/tt0071411/
Bizim Aile,8.4,1975,Tayfun Akalin;Tarik Akan;Tuncay Akça;Halit Akçatepe,88,https://www.imdb.com/title/tt0456047/
Flåklypa Grand Prix,8.5,1975,Wenche Foss;Per Theodor Haugen;Harald Heide-Steen Jr.;Leif Juster,88,https://www.imdb.com/title/tt0073000/
Tosun Pasa,9.0,1976,Kemal Sunal;Müjde Ar;Adile Nasit;Sener Sen,90,https://www.imdb.com/title/tt0253828/
Hababam Sinifi Sinifta Kaldi,8.9,1976,Kemal Sunal;Münir Özkul;Semra Özdamar;Adile Nasit,91,https://www.imdb.com/title/tt0252488/
Süt Kardesler,8.9,1976,Kemal Sunal;Sener Sen;Halit Akçatepe;Hale Soygazi,80,https://www.imdb.com/title/tt0253779/
Al-risâlah,9.0,1976,Abdallah Gheith;Mona Wassef;Hamdy Gheith;Ali Achmed Taram,207,https://www.imdb.com/title/tt0075143/
Kapicilar Krali,8.4,1976,Kemal Sunal;Sevda Ferdag;Bilge Zobu;Sevket Altug,84,https://www.imdb.com/title/tt0252591/
Selvi Boylum Al Yazmalim,8.6,1977,Türkan Soray;Kadir Inanir;Ahmet Mekin;Hülya Tuglu,90,https://www.imdb.com/title/tt0263975/
Star Wars: Episode IV - A New Hope,8.6,1977,Mark Hamill;Harrison Ford;Carrie Fisher;Alec Guinness,121,https://www.imdb.com/title/tt0076759/
Hababam Sinifi Uyaniyor,8.8,1977,Tayfun Akalin;Tuncay Akça;Halit Akçatepe;Sitki Akçatepe,94,https://www.imdb.com/title/tt0252490/
Hababam Sinifi Tatilde,8.7,1977,Sevda Aktolga;Ahmet Ariman;Filiz Bozkurt;Aysen Gruda,97,https://www.imdb.com/title/tt0252489/
Saban Oglu Saban,8.7,1977,Kemal Sunal;Halit Akçatepe;Sener Sen;Sevda Aktolga,90,https://www.imdb.com/title/tt0253614/
Dawn of the Dead,7.9,1978,David Emge;Ken Foree;Scott H. Reiniger;Gaylen Ross,127,https://www.imdb.com/title/tt0077402/
Höstsonaten,8.2,1978,Ingrid Bergman;Liv Ullmann;Lena Nyman;Halvar Björk,99,https://www.imdb.com/title/tt0077711/
The Deer Hunter,8.1,1978,Robert De Niro;Christopher Walken;John Cazale;John Savage,183,https://www.imdb.com/title/tt0077416/
Neseli Günler,8.7,1978,Münir Özkul;Adile Nasit;Sener Sen;Aysen Gruda,92,https://www.imdb.com/title/tt0765833/
Kibar Feyzo,8.7,1978,Kemal Sunal;Sener Sen;Ilyas Salman;Adile Nasit,83,https://www.imdb.com/title/tt0252597/
Stalker,8.1,1979,Alisa Freyndlikh;Aleksandr Kaydanovskiy;Anatoliy Solonitsyn;Nikolay Grinko,162,https://www.imdb.com/title/tt0079944/
Golmaal,8.6,1979,Amol Palekar;Bindiya Goswami;Deven Verma;Shubha Khote,120,https://www.imdb.com/title/tt0079221/
Korkusuz Korkak,8.1,1979,Kemal Sunal;Aysen Atav;Turgut Özatay;Nejat Gürçen,77,https://www.imdb.com/title/tt0252611/
Apocalypse Now,8.4,1979,Martin Sheen;Marlon Brando;Robert Duvall;Frederic Forrest,147,https://www.imdb.com/title/tt0078788/
Alien,8.4,1979,Sigourney Weaver;Tom Skerritt;John Hurt;Veronica Cartwright,117,https://www.imdb.com/title/tt0078748/
Ko to tamo peva,8.8,1980,Pavle Vuisic;Dragan Nikolic;Danilo 'Bata' Stojkovic;Aleksandar Bercek,86,https://www.imdb.com/title/tt0076276/
Zübük,8.6,1980,Kemal Sunal;Nevra Serezli;Kadir Savun;Bülent Kayabas,88,https://www.imdb.com/title/tt0253991/
Omar Mukhtar: Lion of the Desert,8.3,1980,Anthony Quinn;Oliver Reed;Rod Steiger;Irene Papas,173,https://www.imdb.com/title/tt0081059/
The Shining,8.4,1980,Jack Nicholson;Shelley Duvall;Danny Lloyd;Scatman Crothers,146,https://www.imdb.com/title/tt0081505/
Star Wars: Episode V - The Empire Strikes Back,8.7,1980,Mark Hamill;Harrison Ford;Carrie Fisher;Billy Dee Williams,124,https://www.imdb.com/title/tt0080684/
Mis,8.2,1981,Stanislaw Tym;Barbara Burska;Christine Paul;Krzysztof Kowalewski,111,https://www.imdb.com/title/tt0082755/
Vuk,8.3,1981,Judit Pogány;József Gyabronka;Teri Földi;Gyula Szabó,79,https://www.imdb.com/title/tt0131636/
Das Boot,8.3,1981,Jürgen Prochnow;Herbert Grönemeyer;Klaus Wennemann;Hubertus Bengsch,149,https://www.imdb.com/title/tt0082096/
Indiana Jones and the Raiders of the Lost Ark,8.4,1981,Harrison Ford;Karen Allen;Paul Freeman;John Rhys-Davies,115,https://www.imdb.com/title/tt0082971/
Davaro: Son Eskiya,8.1,1981,Kemal Sunal;Sener Sen;Pembe Mutlu;Aysen Gruda,94,https://www.imdb.com/title/tt0252361/
Angoor,8.3,1982,Sanjeev Kumar;Moushumi Chatterjee;Deven Verma;Aruna Irani,131,https://www.imdb.com/title/tt0215517/
Çiçek Abbas,8.1,1982,Ilyas Salman;Sener Sen;Aysen Gruda;Pembe Mutlu,87,https://www.imdb.com/title/tt0263208/
The Thing,8.1,1982,Kurt Russell;Wilford Brimley;Keith David;Richard Masur,109,https://www.imdb.com/title/tt0084787/
Blade Runner,8.1,1982,Harrison Ford;Rutger Hauer;Sean Young;Edward James Olmos,117,https://www.imdb.com/title/tt0083658/
Maratonci trce pocasni krug,8.9,1982,Bogdan Diklic;Danilo 'Bata' Stojkovic;Pavle Vuisic;Mija Aleksic,92,https://www.imdb.com/title/tt0084302/
Jaane Bhi Do Yaaro,8.4,1983,Naseeruddin Shah;Ravi Baswani;Bhakti Barve;Satish Shah,132,https://www.imdb.com/title/tt0085743/
Scarface,8.3,1983,Al Pacino;Michelle Pfeiffer;Steven Bauer;Mary Elizabeth Mastrantonio,170,https://www.imdb.com/title/tt0086250/
Nostalgia,8.1,1983,Oleg Yankovskiy;Erland Josephson;Domiziana Giordano;Patrizia Terreno,125,https://www.imdb.com/title/tt0086022/
Star Wars: Episode VI - Return of the Jedi,8.3,1983,Mark Hamill;Harrison Ford;Carrie Fisher;Billy Dee Williams,131,https://www.imdb.com/title/tt0086190/
Hadashi no Gen,8.0,1983,Issei Miyazaki;Catherine Battistone;Yoshie Shimamura;Iona Morris,83,https://www.imdb.com/title/tt0085218/
Balkanski spijun,8.9,1984,Danilo 'Bata' Stojkovic;Bora Todorovic;Mira Banjac;Sonja Savic,95,https://www.imdb.com/title/tt0086935/
Once Upon a Time in America,8.3,1984,Robert De Niro;James Woods;Elizabeth McGovern;Treat Williams,229,https://www.imdb.com/title/tt0087843/
Varljivo leto '68,8.5,1984,Slavko Stimac;Danilo 'Bata' Stojkovic;Mira Banjac;Mija Aleksic,91,https://www.imdb.com/title/tt0088338/
Amadeus,8.3,1984,F. Murray Abraham;Tom Hulce;Elizabeth Berridge;Roy Dotrice,160,https://www.imdb.com/title/tt0086879/
Namuslu,8.1,1984,Sener Sen;Adile Nasit;Aysen Gruda;Erdal Özyagcilar,93,https://www.imdb.com/title/tt0263776/
Esperando la carroza,8.1,1985,Luis Brandoni;China Zorrilla;Antonio Gasalla;Julio De Grazia,94,https://www.imdb.com/title/tt0089108/
Zügürt Aga,8.7,1985,Sener Sen;Erdal Özyagcilar;Nilgün Nazli;Füsun Demirel,101,https://www.imdb.com/title/tt0201368/
Ran,8.2,1985,Tatsuya Nakadai;Akira Terao;Jinpachi Nezu;Daisuke Ryû,162,https://www.imdb.com/title/tt0089881/
Idi i smotri,8.3,1985,Aleksey Kravchenko;Olga Mironova;Liubomiras Laucevicius;Vladas Bagdonas,142,https://www.imdb.com/title/tt0091251/
Terug naar de toekomst,8.5,1985,Michael J. Fox;Christopher Lloyd;Lea Thompson;Crispin Glover,116,https://www.imdb.com/title/tt0088763/
Macskafogó,8.4,1986,Miklós Benedek;Gyula Bodrogi;Ilona Béres;Péter Haumann,96,https://www.imdb.com/title/tt0179955/
Platoon,8.1,1986,Charlie Sheen;Tom Berenger;Willem Dafoe;Keith David,120,https://www.imdb.com/title/tt0091763/
Aliens,8.3,1986,Sigourney Weaver;Michael Biehn;Carrie Henn;Paul Reiser,137,https://www.imdb.com/title/tt0090605/
Kin-dza-dza!,8.1,1986,Stanislav Lyubshin;Evgeniy Leonov;Yuriy Yakovlev;Levan Gabriadze,135,https://www.imdb.com/title/tt0091341/
Stand by Me,8.1,1986,Wil Wheaton;River Phoenix;Corey Feldman;Jerry O'Connell,89,https://www.imdb.com/title/tt0092005/
Hachikô monogatari,8.1,1987,Tatsuya Nakadai;Kaoru Yachigusa;Toshinori Omi;Toshirô Yanagiba,107,https://www.imdb.com/title/tt0093132/
Muhsin Bey,8.5,1987,Sener Sen;Ugur Yücel;Sermin Hürmeriç;Osman Cavci,119,https://www.imdb.com/title/tt0184756/
Full Metal Jacket,8.3,1987,Matthew Modine;R. Lee Ermey;Vincent D'Onofrio;Adam Baldwin,116,https://www.imdb.com/title/tt0093058/
Nayakan,8.7,1987,Kamal Haasan;Saranya Ponvannan;Delhi Ganesh;Janakaraj,145,https://www.imdb.com/title/tt0093603/
The Princess Bride,8.1,1987,Cary Elwes;Mandy Patinkin;Robin Wright;Chris Sarandon,98,https://www.imdb.com/title/tt0093779/
Hotaru no haka,8.5,1988,Tsutomu Tatsumi;Ayano Shiraishi;Akemi Yamaguchi;Yoshiko Shinohara,89,https://www.imdb.com/title/tt0095327/
Krótki film o milosci,8.2,1988,Grazyna Szapolowska;Olaf Lubaszenko;Stefania Iwinska;Piotr Machalica,87,https://www.imdb.com/title/tt0095467/
Chithram,8.6,1988,Mohanlal;Nedumudi Venu;Renjini;Poornam Vishwanathan,159,https://www.imdb.com/title/tt0214585/
Dom za vesanje,8.2,1988,Davor Dujmovic;Bora Todorovic;Ljubica Adzovic;Husnija Hasimovic,142,https://www.imdb.com/title/tt0097223/
Nuovo Cinema Paradiso,8.5,1988,Philippe Noiret;Enzo Cannavale;Antonella Attili;Isa Danieli,155,https://www.imdb.com/title/tt0095765/
Kireedam,8.9,1989,Mohanlal;Thilakan;Kaviyoor Ponnamma;Parvathi,124,https://www.imdb.com/title/tt0237376/
Uçurtmayi Vurmasinlar,8.4,1989,Ozan Bilen;Nur Sürer;Füsun Demirel;Güzin Özipek,100,https://www.imdb.com/title/tt0098573/
Dead Poets Society,8.1,1989,Robin Williams;Robert Sean Leonard;Ethan Hawke;Josh Charles,128,https://www.imdb.com/title/tt0097165/
Oru Vadakkan Veeragatha,8.8,1989,Mammootty;Madhavi;Devan;Suresh Gopi,168,https://www.imdb.com/title/tt0230597/
Indiana Jones and the Last Crusade,8.2,1989,Harrison Ford;Sean Connery;Alison Doody;Denholm Elliott,127,https://www.imdb.com/title/tt0097576/
Hamoun,8.0,1990,Pantea Bahram;Ezzatolah Entezami;Bita Farahi;Sedigheh Kianfar,120,https://www.imdb.com/title/tt0099729/
Dances with Wolves,8.0,1990,Kevin Costner;Mary McDonnell;Graham Greene;Rodney A. Grant,181,https://www.imdb.com/title/tt0099348/
Edward Scissorhands,7.9,1990,Johnny Depp;Winona Ryder;Dianne Wiest;Anthony Michael Hall,105,https://www.imdb.com/title/tt0099487/
Nema-ye Nazdik,8.3,1990,Hossain Sabzian;Mohsen Makhmalbaf;Abolfazl Ahankhah;Mehrdad Ahankhah,98,https://www.imdb.com/title/tt0100234/
Goodfellas,8.7,1990,Robert De Niro;Ray Liotta;Joe Pesci;Lorraine Bracco,146,https://www.imdb.com/title/tt0099685/
Thalapathi,8.5,1991,Rajinikanth;Mammootty;Shobana;Arvind Swamy,157,https://www.imdb.com/title/tt0101649/
The Silence of the Lambs,8.6,1991,Jodie Foster;Anthony Hopkins;Lawrence A. Bonney;Kasi Lemmons,118,https://www.imdb.com/title/tt0102926/
Gu ling jie shao nian sha ren shi jian,8.4,1991,Chang Chen;Lisa Yang;Kuo-Chu Chang;Elaine Jin,237,https://www.imdb.com/title/tt0101985/
Terminator 2: Judgment Day,8.5,1991,Arnold Schwarzenegger;Linda Hamilton;Edward Furlong;Robert Patrick,137,https://www.imdb.com/title/tt0103064/
Dà hóng denglong gaogao guà,8.1,1991,Gong Li;Jingwu Ma;Saifei He;Cuifen Cao,125,https://www.imdb.com/title/tt0101640/
Mi nismo andjeli,8.4,1992,Nikola Kojo;Milena Pavlovic;Branka Katic;Srdjan 'Zika' Todorovic,98,https://www.imdb.com/title/tt0104860/
Reservoir Dogs,8.3,1992,Harvey Keitel;Tim Roth;Michael Madsen;Chris Penn,99,https://www.imdb.com/title/tt0105236/
Thevar Magan,8.7,1992,Kamal Haasan;Shivaji Ganesan;Nassar;Revathi,145,https://www.imdb.com/title/tt0105575/
Jo Jeeta Wohi Sikandar,8.2,1992,Aamir Khan;Ayesha Jhulka;Deepak Tijori;Pooja Bedi,174,https://www.imdb.com/title/tt0104561/
Roja,8.2,1992,Arvind Swamy;Madhoo;Pankaj Kapur;Nassar,137,https://www.imdb.com/title/tt0105271/
Schindler's List,8.9,1993,Liam Neeson;Ralph Fiennes;Ben Kingsley;Caroline Goodall,195,https://www.imdb.com/title/tt0108052/
In the Name of the Father,8.1,1993,Daniel Day-Lewis;Pete Postlethwaite;Alison Crosbie;Philip King,133,https://www.imdb.com/title/tt0107207/
Jurassic Park,8.1,1993,Sam Neill;Laura Dern;Jeff Goldblum;Richard Attenborough,127,https://www.imdb.com/title/tt0107290/
Devasuram,8.7,1993,Mohanlal;Revathi;Nedumudi Venu;Innocent,187,https://www.imdb.com/title/tt0291855/
Manichitrathazhu,8.8,1993,Mohanlal;Shobana;Suresh Gopi;Vinaya Prasad,169,https://www.imdb.com/title/tt0214915/
Pulp Fiction,8.9,1994,John Travolta;Uma Thurman;Samuel L. Jackson;Bruce Willis,154,https://www.imdb.com/title/tt0110912/
Léon,8.5,1994,Jean Reno;Gary Oldman;Natalie Portman;Danny Aiello,110,https://www.imdb.com/title/tt0110413/
The Lion King,8.5,1994,Matthew Broderick;Jeremy Irons;James Earl Jones;Whoopi Goldberg,88,https://www.imdb.com/title/tt0110357/
Forrest Gump,8.8,1994,Tom Hanks;Robin Wright;Gary Sinise;Sally Field,142,https://www.imdb.com/title/tt0109830/
The Shawshank Redemption,9.3,1994,Tim Robbins;Morgan Freeman;Bob Gunton;William Sadler,142,https://www.imdb.com/title/tt0111161/
The Usual Suspects,8.5,1995,Kevin Spacey;Gabriel Byrne;Chazz Palminteri;Stephen Baldwin,106,https://www.imdb.com/title/tt0114814/
Toy Story,8.3,1995,Tom Hanks;Tim Allen;Don Rickles;Jim Varney,81,https://www.imdb.com/title/tt0114709/
Seven,8.6,1995,Morgan Freeman;Brad Pitt;Kevin Spacey;Andrew Kevin Walker,127,https://www.imdb.com/title/tt0114369/
Spadikam,8.6,1995,Mohanlal;Thilakan;Sphadikam George;Urvashi,150,https://www.imdb.com/title/tt0292246/
Braveheart,8.3,1995,Mel Gibson;Sophie Marceau;Patrick McGoohan;Angus Macfadyen,178,https://www.imdb.com/title/tt0112573/
Lepa sela lepo gore,8.7,1996,Dragan Bjelogrlic;Nikola Kojo;Dragan Maksimovic;Zoran Cvijanovic,115,https://www.imdb.com/title/tt0116860/
Eskiya,8.2,1996,Sener Sen;Ugur Yücel;Sermin Hürmeriç;Yesim Salkim,128,https://www.imdb.com/title/tt0116231/
Poove Unakkaga,8.7,1996,Anju Aravind;Madhan Bob;Charlie;Jai Ganesh,150,https://www.imdb.com/title/tt2325915/
Tian mi mi,8.1,1996,Maggie Cheung;Leon Lai;Eric Tsang;Kristy Yeung,118,https://www.imdb.com/title/tt0117905/
Trainspotting,8.1,1996,Ewan McGregor;Ewen Bremner;Jonny Lee Miller;Kevin McKidd,93,https://www.imdb.com/title/tt0117951/
Het leven is mooi,8.6,1997,Roberto Benigni;Nicoletta Braschi;Giorgio Cantarini;Giustino Durano,116,https://www.imdb.com/title/tt0118799/
Bacheha-Ye aseman,8.3,1997,Mohammad Amir Naji;Amir Farrokh Hashemian;Bahare Seddiqi;Nafise Jafar-Mohammadi,89,https://www.imdb.com/title/tt0118849/
Iruvar,8.5,1997,Mohanlal;Prakash Raj;Aishwarya Rai Bachchan;Gautami,140,https://www.imdb.com/title/tt0119385/
Good Will Hunting,8.3,1997,Robin Williams;Matt Damon;Ben Affleck;Stellan Skarsgård,126,https://www.imdb.com/title/tt0119217/
Mononoke-hime,8.4,1997,Yôji Matsuda;Yuriko Ishida;Yûko Tanaka;Billy Crudup,134,https://www.imdb.com/title/tt0119698/
American History X,8.5,1998,Edward Norton;Edward Furlong;Beverly D'Angelo;Jennifer Lien,119,https://www.imdb.com/title/tt0120586/
"Lock, Stock and Two Smoking Barrels",8.2,1998,Jason Flemyng;Dexter Fletcher;Nick Moran;Jason Statham,107,https://www.imdb.com/title/tt0120735/
Lajanje na zvezde,8.7,1998,Dragan Micanovic;Natasa Tapuskovic;Nikola Simic;Velimir 'Bata' Zivojinovic,95,https://www.imdb.com/title/tt0187231/
Satya,8.3,1998,J.D. Chakravarthi;Manoj Bajpayee;Urmila Matondkar;Paresh Rawal,170,https://www.imdb.com/title/tt0195231/
Saving Private Ryan,8.6,1998,Tom Hanks;Matt Damon;Tom Sizemore;Edward Burns,169,https://www.imdb.com/title/tt0120815/
The Matrix,8.7,1999,Keanu Reeves;Laurence Fishburne;Carrie-Anne Moss;Hugo Weaving,136,https://www.imdb.com/title/tt0133093/
The Green Mile,8.6,1999,Tom Hanks;Michael Clarke Duncan;David Morse;Bonnie Hunt,189,https://www.imdb.com/title/tt0120689/
Fight Club,8.8,1999,Brad Pitt;Edward Norton;Meat Loaf;Zach Grenier,139,https://www.imdb.com/title/tt0137523/
Thulladha Manamum Thullum,8.4,1999,Joseph Vijay;Simran;Dhamu;Vaiyapuri,170,https://www.imdb.com/title/tt1517561/
Mudhalvan,8.4,1999,Arjun Sarja;Manisha Koirala;Raghuvaran;Vadivelu,169,https://www.imdb.com/title/tt0220656/
Snatch,8.3,2000,Jason Statham;Brad Pitt;Stephen Graham;Vinnie Jones,104,https://www.imdb.com/title/tt0208092/
Memento,8.4,2000,Guy Pearce;Carrie-Anne Moss;Joe Pantoliano;Mark Boone Junior,113,https://www.imdb.com/title/tt0209144/
Gladiator,8.5,2000,Russell Crowe;Joaquin Phoenix;Connie Nielsen;Oliver Reed,155,https://www.imdb.com/title/tt0172495/
O Auto da Compadecida,8.7,2000,Matheus Nachtergaele;Selton Mello;Rogério Cardoso;Denise Fraga,104,https://www.imdb.com/title/tt0271383/
Requiem for a Dream,8.3,2000,Ellen Burstyn;Jared Leto;Jennifer Connelly;Marlon Wayans,102,https://www.imdb.com/title/tt0180093/
A Beautiful Mind,8.2,2001,Russell Crowe;Ed Harris;Jennifer Connelly;Christopher Plummer,135,https://www.imdb.com/title/tt0268978/
The Lord of the Rings: The Fellowship of the Ring,8.8,2001,Elijah Wood;Ian McKellen;Orlando Bloom;Sean Bean,178,https://www.imdb.com/title/tt0120737/
Spirited Away,8.6,2001,Daveigh Chase;Suzanne Pleshette;Miyu Irino;Rumi Hiiragi,125,https://www.imdb.com/title/tt0245429/
Le fabuleux destin d'Amélie Poulain,8.3,2001,Audrey Tautou;Mathieu Kassovitz;Rufus;Lorella Cravotta,122,https://www.imdb.com/title/tt0211915/
"Monsters, Inc.",8.1,2001,Billy Crystal;John Goodman;Mary Gibbs;Steve Buscemi,92,https://www.imdb.com/title/tt0198781/
Mrtav 'ladan,8.4,2002,Nikola Djuricko;Sonja Kolacaric;Tara Manic;Srdjan 'Zika' Todorovic,90,https://www.imdb.com/title/tt0301634/
Cidade de Deus,8.6,2002,Alexandre Rodrigues;Leandro Firmino;Matheus Nachtergaele;Phellipe Haagensen,130,https://www.imdb.com/title/tt0317248/
The Pianist,8.5,2002,Adrien Brody;Thomas Kretschmann;Frank Finlay;Emilia Fox,150,https://www.imdb.com/title/tt0253474/
Filantropica,8.5,2002,Mircea Diaconu;Gheorghe Dinica;Mara Nicolescu;Viorica Voda,110,https://www.imdb.com/title/tt0314067/
The Lord of the Rings: The Two Towers,8.7,2002,Elijah Wood;Ian McKellen;Viggo Mortensen;Orlando Bloom,179,https://www.imdb.com/title/tt0167261/
The Lord of the Rings: The Return of the King,8.9,2003,Elijah Wood;Viggo Mortensen;Ian McKellen;Orlando Bloom,201,https://www.imdb.com/title/tt0167260/
Oldeuboi,8.4,2003,Choi Min-sik;Yoo Ji-Tae;Kang Hye-jeong;Kim Byeong-Ok,120,https://www.imdb.com/title/tt0364569/
Anbe Sivam,8.7,2003,Kamal Haasan;Madhavan;Kiran Rathod;Nassar,160,https://www.imdb.com/title/tt0367495/
La meglio gioventù,8.5,2003,Luigi Lo Cascio;Alessio Boni;Jasmine Trinca;Adriana Asti,366,https://www.imdb.com/title/tt0346336/
Profesionalac,8.5,2003,Bora Todorovic;Branislav Lecic;Natasa Ninkovic;Dragan Jovanovic,104,https://www.imdb.com/title/tt0339535/
Virumandi,8.4,2004,Kamal Haasan;Abhirami;Pasupathy;Napolean,175,https://www.imdb.com/title/tt0364647/
Eternal Sunshine of the Spotless Mind,8.3,2004,Jim Carrey;Kate Winslet;Tom Wilkinson;Gerry Robert Byrne,108,https://www.imdb.com/title/tt0338013/
Kad porastem bicu Kengur,8.5,2004,Sergej Trifunovic;Marija Karan;Nebojsa Glogovac;Boris Milivojevic,92,https://www.imdb.com/title/tt0383846/
Black Friday,8.5,2004,Kay Kay Menon;Pawan Malhotra;Aditya Srivastav;Dibyendu Bhattacharya,143,https://www.imdb.com/title/tt0400234/
Marmoulak,8.5,2004,Parviz Parastui;Bahram Ebrahimi;Shahrokh Foroutanian;Farideh Sepah Mansour,115,https://www.imdb.com/title/tt0416960/
Pardon,8.2,2005,Ferhan Sensoy;Rasim Öztekin;Ali Çatalbas;Bülent Kayabas,94,https://www.imdb.com/title/tt0425333/
Batman Begins,8.2,2005,Christian Bale;Michael Caine;Ken Watanabe;Liam Neeson,140,https://www.imdb.com/title/tt0372784/
Babam ve Oglum,8.2,2005,Eser Sariyar;Çetin Tekindor;Fikret Kuskan;Hümeyra,112,https://www.imdb.com/title/tt0476735/
Anniyan,8.3,2005,Vikram;Sada;Prakash Raj;Vivek,181,https://www.imdb.com/title/tt0376127/
Graves End,8.6,2005,Eric Roberts;Steven Williams;Daniel Roebuck;Valerie Mikita,90,https://www.imdb.com/title/tt0419781/
Pudhu Pettai,8.5,2006,Dhanush;Sneha;Sonia Agarwal;Azhagam Perumal,168,https://www.imdb.com/title/tt0459516/
The Prestige,8.5,2006,Christian Bale;Hugh Jackman;Scarlett Johansson;Michael Caine,130,https://www.imdb.com/title/tt0482571/
The Departed,8.5,2006,Leonardo DiCaprio;Matt Damon;Jack Nicholson;Mark Wahlberg,151,https://www.imdb.com/title/tt0407887/
Das Leben der Anderen,8.4,2006,Ulrich Mühe;Martina Gedeck;Sebastian Koch;Ulrich Tukur,137,https://www.imdb.com/title/tt0405094/
Khosla Ka Ghosla!,8.3,2006,Anupam Kher;Boman Irani;Parvin Dabas;Tara Sharma,135,https://www.imdb.com/title/tt0466460/
There Will Be Blood,8.2,2007,Daniel Day-Lewis;Paul Dano;Ciarán Hinds;Martin Stringer,158,https://www.imdb.com/title/tt0469494/
Khuda Kay Liye,8.4,2007,Shaan Shahid;Fawad Khan;Iman Ali;Austin Marie Sayre,168,https://www.imdb.com/title/tt1068956/
Taare Zameen Par,8.4,2007,Darsheel Safary;Aamir Khan;Tisca Chopra;Vipin Sharma,165,https://www.imdb.com/title/tt0986264/
Chak De! India,8.2,2007,Shah Rukh Khan;Vidya Malvade;Sagarika Ghatge;Shilpa Shukla,153,https://www.imdb.com/title/tt0871510/
Into the Wild,8.1,2007,Emile Hirsch;Vince Vaughn;Catherine Keener;Marcia Gay Harden,148,https://www.imdb.com/title/tt0758758/
Gran Torino,8.1,2008,Clint Eastwood;Bee Vang;Christopher Carley;Ahney Her,116,https://www.imdb.com/title/tt1205489/
The Dark Knight,9.0,2008,Christian Bale;Heath Ledger;Aaron Eckhart;Michael Caine,152,https://www.imdb.com/title/tt0468569/
Okuribito,8.1,2008,Masahiro Motoki;Ryôko Hirosue;Tsutomu Yamazaki;Kazuko Yoshiyuki,130,https://www.imdb.com/title/tt1069238/
Vaaranam Aayiram,8.2,2008,Suriya;Simran;Ramya;Sameera Reddy,169,https://www.imdb.com/title/tt1180583/
WALL·E,8.4,2008,Ben Burtt;Elissa Knight;Jeff Garlin;Fred Willard,98,https://www.imdb.com/title/tt0910970/
El secreto de sus ojos,8.2,2009,Ricardo Darín;Soledad Villamil;Pablo Rago;Carla Quevedo,129,https://www.imdb.com/title/tt1305806/
Inglourious Basterds,8.3,2009,Brad Pitt;Diane Kruger;Eli Roth;Mélanie Laurent,153,https://www.imdb.com/title/tt0361748/
Monpura,8.7,2009,Chanchal Chowdhury;Farhana Mili;Shirin Alam;Mohiuddin Bahar,136,https://www.imdb.com/title/tt1621830/
3 Idiots,8.4,2009,Aamir Khan;Madhavan;Mona Singh;Sharman Joshi,170,https://www.imdb.com/title/tt1187043/
Up,8.2,2009,Ed Asner;Jordan Nagai;John Ratzenberger;Christopher Plummer,96,https://www.imdb.com/title/tt1049413/
Les Misérables in Concert: The 25th Anniversary,8.8,2010,Alfie Boe;Norm Lewis;Matt Lucas;Jenny Galloway,178,https://www.imdb.com/title/tt1754109/
Udaan,8.2,2010,Rajat Barmecha;Ronit Roy;Manjot Singh;Ram Kapoor,134,https://www.imdb.com/title/tt1639426/
Inception,8.8,2010,Leonardo DiCaprio;Joseph Gordon-Levitt;Elliot Page;Ken Watanabe,148,https://www.imdb.com/title/tt1375666/
Pranchiyettan and the Saint,8.3,2010,Jesse Fox Allen;Innocent;Mammootty;Biju Menon,140,https://www.imdb.com/title/tt1695800/
Incendies,8.3,2010,Lubna Azabal;Mélissa Désormeaux-Poulin;Maxim Gaudette;Mustafa Kamel,131,https://www.imdb.com/title/tt1255953/
The Intouchables,8.5,2011,François Cluzet;Omar Sy;Anne Le Ny;Audrey Fleurot,112,https://www.imdb.com/title/tt1675434/
A Separation,8.3,2011,Payman Maadi;Leila Hatami;Sareh Bayat;Shahab Hosseini,123,https://www.imdb.com/title/tt1832382/
The Phantom of the Opera at the Royal Albert Hall,8.8,2011,Ramin Karimloo;Sierra Boggess;Hadley Fraser;Wendy Ferguson,137,https://www.imdb.com/title/tt2077886/
Love on a Leash,8.9,2011,Gloria Winship Ayon;Shane Ayon;Jana Camp;Stephen Kramer Glickman,90,https://www.imdb.com/title/tt2185022/
Kill Bill: The Whole Bloody Affair,8.8,2011,Uma Thurman;Vivica A. Fox;Michael Madsen;Daryl Hannah,247,https://www.imdb.com/title/tt6019206/
Django Unchained,8.4,2012,Jamie Foxx;Christoph Waltz;Leonardo DiCaprio;Kerry Washington,165,https://www.imdb.com/title/tt1853728/
The Dark Knight Rises,8.4,2012,Christian Bale;Tom Hardy;Anne Hathaway;Gary Oldman,164,https://www.imdb.com/title/tt1345836/
In Montauk,8.4,2012,Nina Kaczorowski;Lukas Hassel;George Katt;Carolina Caro,69,https://www.imdb.com/title/tt1565064/
It's Such a Beautiful Day,8.3,2012,,62,https://www.imdb.com/title/tt2396224/
Jagten,8.3,2012,Mads Mikkelsen;Thomas Bo Larsen;Annika Wedderkopp;Lasse Fogelstrøm,115,https://www.imdb.com/title/tt2106476/
So-won,8.3,2013,Re Lee;Sol Kyung-gu;Ji-won Uhm;Kim Hae-sook,122,https://www.imdb.com/title/tt3153634/
Soodhu Kavvum,8.3,2013,Vijay Sethupathi;Sanchita Shetty;Radha Ravi;M.S. Bhaskar,135,https://www.imdb.com/title/tt2877108/
Drishyam,8.3,2013,Mohanlal;Meena;Asha Sharath;Ansiba,160,https://www.imdb.com/title/tt3417422/
Lucia,8.3,2013,Sathish Neenasam;Sruthi Hariharan;Achyuth Kumar;Sabreen Baker,135,https://www.imdb.com/title/tt2358592/
Bhaag Milkha Bhaag,8.2,2013,Farhan Akhtar;Sonam Kapoor;Pawan Malhotra;Art Malik,186,https://www.imdb.com/title/tt2356180/
Ulidavaru Kandanthe,8.4,2014,Kishore Kumar G.;Rakshit Shetty;Thara;Achyuth Kumar,154,https://www.imdb.com/title/tt3394420/
Kaakkaa Muttai,8.4,2014,Ramesh;J. Vignesh;Aishwarya Rajesh;Ramesh Thilak,91,https://www.imdb.com/title/tt3973410/
Interstellar,8.6,2014,Matthew McConaughey;Anne Hathaway;Jessica Chastain;Mackenzie Foy,169,https://www.imdb.com/title/tt0816692/
Whiplash,8.5,2014,Miles Teller;J.K. Simmons;Melissa Benoist;Paul Reiser,106,https://www.imdb.com/title/tt2582802/
Wheels,8.4,2014,Donavon Warren;Patrick Hume;Diana Gettinger;Kevin McCorkle,115,https://www.imdb.com/title/tt2170667/
RangiTaranga,8.3,2015,Nirup Bhandari;Radhika Narayan;Avantika Shetty;Sai Kumar,149,https://www.imdb.com/title/tt4432480/
Thani Oruvan,8.4,2015,Jayam Ravi;Arvind Swamy;Nayanthara;Nassar,160,https://www.imdb.com/title/tt4987556/
Papanasam,8.4,2015,Kamal Haasan;Gautami;Nivetha Thomas;Esther Anil,179,https://www.imdb.com/title/tt4429128/
Bizim Hikaye,8.6,2015,Cansel Elcin;Luk Piyes;Sera Tokdemir;Naz Elmas,97,https://www.imdb.com/title/tt4558362/
Visaaranai,8.5,2015,Dinesh;Samuthirakani;Anandhi;Murugadass,117,https://www.imdb.com/title/tt4991384/
Kimi no na wa.,8.4,2016,Ryûnosuke Kamiki;Mone Kamishiraishi;Ryô Narita;Aoi Yûki,106,https://www.imdb.com/title/tt5311514/
Aruvi,8.5,2016,Aditi Balan;Padmashri Mohammad Ali;Pradeep Anthony;Arnold,130,https://www.imdb.com/title/tt5867800/
Aynabaji,9.1,2016,Chanchal Chowdhury;Masuma Rahman Nabila;Partha Barua;Lutfur Rahman George,147,https://www.imdb.com/title/tt5354160/
Dag II,8.7,2016,Caglar Ertugrul;Ufuk Bayraktar;Ahu Türkpençe;Murat Serezli,135,https://www.imdb.com/title/tt5813916/
Natsamrat,8.9,2016,Nana Patekar;Medha Manjrekar;Mrunmayee Deshpande;Sunil Barve,166,https://www.imdb.com/title/tt5311546/
Ayla: The Daughter of War,8.4,2017,Çetin Tekindor;Ismail Hacioglu;Kyung-jin Lee;Kim Seol,125,https://www.imdb.com/title/tt6316138/
Vikram Vedha,8.3,2017,Madhavan;Vijay Sethupathi;Shraddha Srinath;Kathir,147,https://www.imdb.com/title/tt6148156/
Aloko Udapadi,9.0,2017,Uddika Premarathna;Dilhani Ekanayake;Roshan Ravindra;Menaka Peiris,113,https://www.imdb.com/title/tt5963218/
Coco,8.4,2017,Anthony Gonzalez;Gael García Bernal;Benjamin Bratt;Alanna Ubach,105,https://www.imdb.com/title/tt2380307/
Theeran Adhigaaram Ondru,8.3,2017,Karthi;Rakul Preet Singh;Abhimanyu Singh;Bose Venkat,157,https://www.imdb.com/title/tt7060460/
96,8.6,2018,Vijay Sethupathi;Adithya Bhaskar;Trisha Krishnan;Gouri Kishan,158,https://www.imdb.com/title/tt7019842/
Pariyerum Perumal,8.8,2018,Kathir;Anandhi;Yogi Babu;Lijeesh,154,https://www.imdb.com/title/tt8176054/
Peranbu,8.9,2018,Mammootty;Sadhana;Anjali;Anjali Ameer,147,https://www.imdb.com/title/tt7738784/
C/o Kancharapalem,8.9,2018,Radha Bessy;Subba Rao Vepada;Praneeta Patnaik;Karthik Rathnam,152,https://www.imdb.com/title/tt7391996/
Mahanati,8.5,2018,Keerthy Suresh;Dulquer Salmaan;Samantha Ruth Prabhu;Vijay Deverakonda,177,https://www.imdb.com/title/tt7465992/
Kumbalangi Nights,8.6,2019,Shane Nigam;Soubin Shahir;Fahadh Faasil;Sreenath Bhasi,135,https://www.imdb.com/title/tt8413338/
Asuran,8.6,2019,Dhanush;Manju Warrier;Prakash Raj;Pasupathy,141,https://www.imdb.com/title/tt9477520/
Gisaengchung,8.6,2019,Kang-ho Song;Sun-kyun Lee;Yeo-jeong Cho;Woo-sik Choi,132,https://www.imdb.com/title/tt6751668/
Jersey,8.6,2019,Nani;Shraddha Srinath;Sathyaraj;Harish Kalyan,157,https://www.imdb.com/title/tt8948790/
Kaithi,8.5,2019,Karthi;Narain;Ramana;George Maryan,145,https://www.imdb.com/title/tt9900782/
